{
  "0_False": {
    "position": 0.378839386839152,
    "compensation": 0.2067455993567318,
    "termination": 0.15881728274763082,
    "confidentiality": 0.1839451002706563,
    "non_compete": 0.12716551118691097,
    "ip_assignment": 0.10505380366751402,
    "benefits": 0.15179618628267647,
    "governing_law": 0.18713142220443563,
    "dispute_resolution": 0.18362527980141652,
    "probation": 0.17428191176190178,
    "notice_period": 0.17071960729475055,
    "next_section": 0.21505042849966488
  },
  "0_True": {
    "position": 0.2253305103765378,
    "compensation": 0.1879023610512674,
    "termination": 0.20051934395208298,
    "confidentiality": 0.20949921534795077,
    "non_compete": 0.20267637213651046,
    "ip_assignment": 0.1515633108786098,
    "benefits": 0.20878954532708022,
    "governing_law": 0.2081861521483052,
    "dispute_resolution": 0.18454639086679764,
    "probation": 0.19880290171715181,
    "notice_period": 0.1749761838626322,
    "next_section": 0.2922767439613021
  },
  "1_False": {
    "position": 0.08883128312710067,
    "compensation": 0.29647025917110864,
    "termination": 0.11808324285770669,
    "confidentiality": 0.12235297812326545,
    "non_compete": 0.1162451566406194,
    "ip_assignment": 0.12029320269727134,
    "benefits": 0.11543460287341333,
    "governing_law": 0.10674877139589199,
    "dispute_resolution": 0.08430661199276596,
    "probation": 0.11343000289595401,
    "notice_period": 0.1066625905359297,
    "next_section": 0.1587124875318533
  },
  "1_True": {
    "position": 0.12274121375400379,
    "compensation": 0.14185306745234139,
    "termination": 0.06499576097378651,
    "confidentiality": 0.12413376062870132,
    "non_compete": 0.126862048421353,
    "ip_assignment": 0.13010626504386205,
    "benefits": 0.06069202128774357,
    "governing_law": 0.10361928848867001,
    "dispute_resolution": 0.13106335432257965,
    "probation": 0.12348893545514798,
    "notice_period": 0.09201620136238993,
    "next_section": 0.2073914839312562
  },
  "2_False": {
    "position": 0.03992652769293505,
    "compensation": 0.04208580414532939,
    "termination": 0.20982947574853628,
    "confidentiality": 0.037327992469422026,
    "non_compete": 0.0361187260885977,
    "ip_assignment": 0.02374204067986448,
    "benefits": 0.03678505809625198,
    "governing_law": 0.04796518562339697,
    "dispute_resolution": 0.02955900775156067,
    "probation": 0.0447945803548182,
    "notice_period": 0.026292986563113376,
    "next_section": 0.10026990161139777
  },
  "2_True": {
    "position": 0.028623562341236947,
    "compensation": 0.04495307137055311,
    "termination": 0.08964259830957556,
    "confidentiality": 0.038838609747635505,
    "non_compete": 0.04522522007640598,
    "ip_assignment": 0.04215244652448491,
    "benefits": 0.020873959004951783,
    "governing_law": 0.03448647752599007,
    "dispute_resolution": 0.043634432823109255,
    "probation": 0.03319791149369856,
    "notice_period": 0.04165303213679125,
    "next_section": 0.11747863765446892
  },
  "3_False": {
    "position": -0.0354814677601524,
    "compensation": -0.0300802957539407,
    "termination": -0.032892886101902434,
    "confidentiality": 0.11346258587588079,
    "non_compete": -0.035448308068327807,
    "ip_assignment": -0.027368470644358503,
    "benefits": -0.03578599867476349,
    "governing_law": -0.03652756551925312,
    "dispute_resolution": -0.03950357161221834,
    "probation": -0.031595581425904795,
    "notice_period": -0.046084110101426566,
    "next_section": -0.00013093656707461113
  },
  "3_True": {
    "position": -0.05738907859423939,
    "compensation": -0.05790853003631044,
    "termination": -0.0582029573796112,
    "confidentiality": -0.017528768397500005,
    "non_compete": -0.059018269939354814,
    "ip_assignment": -0.06464648805940239,
    "benefits": -0.08023666037208094,
    "governing_law": -0.06316717225045733,
    "dispute_resolution": -0.07301115718626235,
    "probation": -0.05722176163458533,
    "notice_period": -0.06664678833260747,
    "next_section": 0.01876252615673909
  },
  "4_False": {
    "position": -0.09494605680453129,
    "compensation": -0.0981701140672422,
    "termination": -0.0988368169054044,
    "confidentiality": -0.10917704384743762,
    "non_compete": -0.11179524597882659,
    "ip_assignment": 0.01256903243059424,
    "benefits": -0.06855343368466464,
    "governing_law": -0.10527383860538451,
    "dispute_resolution": -0.07445084143796532,
    "probation": -0.08744819580560642,
    "notice_period": -0.07598235301342293,
    "next_section": -0.03364259328000001
  },
  "4_True": {
    "position": -0.10936768000000001,
    "compensation": -0.12122949216281334,
    "termination": -0.11854272000000002,
    "confidentiality": -0.13262697238594842,
    "non_compete": -0.09352640000000001,
    "ip_assignment": -0.09850488969247495,
    "benefits": -0.11067840000000002,
    "governing_law": -0.12582311424,
    "dispute_resolution": -0.11067840000000002,
    "probation": -0.11454609553981442,
    "notice_period": -0.11854272000000002,
    "next_section": -0.08464741887241864
  },
  "5_False": {
    "position": -0.05400000000000001,
    "compensation": -0.030000000000000006,
    "termination": -0.030000000000000006,
    "confidentiality": -0.030000000000000006,
    "non_compete": 0.005242880000000001,
    "ip_assignment": 0.0,
    "benefits": 0.0,
    "governing_law": 0.0,
    "dispute_resolution": 0.0,
    "probation": 0.0,
    "notice_period": 0.0,
    "next_section": 0.0
  },
  "5_True": {
    "position": -0.030000000000000006,
    "compensation": 0.0,
    "termination": 0.0,
    "confidentiality": 0.0,
    "non_compete": 0.0,
    "ip_assignment": 0.0,
    "benefits": 0.0,
    "governing_law": 0.0,
    "dispute_resolution": 0.0,
    "probation": 0.0,
    "notice_period": 0.0,
    "next_section": 0.0
  }
}